{
  "ft_ppl": 5.181144879946823,
  "base_ppl": 9.128298810612574,
  "ft_rougeL": 0.12099633699633701,
  "base_rougeL": 0.09396371275783039,
  "ft_bleu": 0.0011629308482001461,
  "base_bleu": 0.0009811199761617338,
  "base_bertscore": 0.6844937205314636,
  "ft_bertscore": 0.7190570831298828
}